{
  "algorithm": "dqn",
  "evaluation_date": "20251026_162014",
  "episodes_evaluated": 100,
  "budget": 1000000,
  "results": {
    "score": 3.5381708809605605,
    "reward": 3.403708887333801,
    "length": 174.9378936319104,
    "episodes": 5716.0,
    "achievements": {
      "achievement_collect_coal": 0.06997900629811056,
      "achievement_collect_diamond": 0.0,
      "achievement_collect_drink": 34.202239328201536,
      "achievement_collect_iron": 0.0,
      "achievement_collect_sapling": 86.16165150454863,
      "achievement_collect_stone": 0.7872638208537439,
      "achievement_collect_wood": 70.3813855843247,
      "achievement_defeat_skeleton": 0.13995801259622112,
      "achievement_defeat_zombie": 5.335899230230931,
      "achievement_eat_cow": 3.2015395381385585,
      "achievement_eat_plant": 0.0,
      "achievement_make_iron_pickaxe": 0.0,
      "achievement_make_iron_sword": 0.0,
      "achievement_make_stone_pickaxe": 0.0,
      "achievement_make_stone_sword": 0.0,
      "achievement_make_wood_pickaxe": 5.703289013296011,
      "achievement_make_wood_sword": 5.703289013296011,
      "achievement_place_furnace": 0.01749475157452764,
      "achievement_place_plant": 83.17004898530442,
      "achievement_place_stone": 0.47235829251224637,
      "achievement_place_table": 39.80055983205039,
      "achievement_wake_up": 95.22393282015396
    }
  },
  "summary": {
    "crafter_score": 3.5381708809605605,
    "geometric_mean_achievements": 3.5381708809605605,
    "average_reward_per_episode": 3.403708887333801,
    "average_episode_length": 174.9378936319104,
    "total_episodes": 5716.0
  }
}